Ref,Val,Package,PosX,PosY,Rot,Side
"C5","4.7uF","C_0603_1608Metric_Pad1.08x0.95mm_HandSolder",90.253501,-180.096000,180.000000,bottom
"C6","0.1uF","C_0201_0603Metric_Pad0.64x0.40mm_HandSolder",90.178500,-181.747000,180.000000,bottom
"C7","4.7uF","C_0603_1608Metric_Pad1.08x0.95mm_HandSolder",83.687500,-176.552800,-90.000000,bottom
"C8","0.1uF","C_0201_0603Metric_Pad0.64x0.40mm_HandSolder",82.049200,-176.627600,-90.000000,bottom
"C9","4.7uF","C_0603_1608Metric_Pad1.08x0.95mm_HandSolder",83.687500,-171.866500,90.000000,bottom
"C10","0.1uF","C_0201_0603Metric_Pad0.64x0.40mm_HandSolder",82.100000,-171.791500,90.000000,bottom
"C13","0.1uF","C_0201_0603Metric_Pad0.64x0.40mm_HandSolder",93.706500,-180.096000,0.000000,bottom
"C14","0.1uF","C_0201_0603Metric_Pad0.64x0.40mm_HandSolder",84.562500,-169.364500,180.000000,bottom
"C15","0.1uF","C_0201_0603Metric_Pad0.64x0.40mm_HandSolder",94.722499,-169.428000,0.000000,bottom
"C16","0.1uF","C_0201_0603Metric_Pad0.64x0.40mm_HandSolder",87.688000,-180.970999,-90.000000,bottom
"C18","0.1uF","C_0201_0603Metric_Pad0.64x0.40mm_HandSolder",72.700000,-181.400000,90.000000,bottom
"C25","10uF","C_1210_3225Metric_Pad1.33x2.70mm_HandSolder",71.250000,-164.650000,90.000000,bottom
"DB1","LED_Blue_470","LED_D5.0mm",69.300000,-62.210000,-90.000000,bottom
"DB2","LED_Blue_470","LED_D5.0mm",69.300000,-71.211111,-90.000000,bottom
"DB3","LED_Blue_470","LED_D5.0mm",69.300000,-80.212222,-90.000000,bottom
"DB4","LED_Blue_470","LED_D5.0mm",69.300000,-89.213333,-90.000000,bottom
"DB5","LED_Blue_470","LED_D5.0mm",69.300000,-98.214444,-90.000000,bottom
"DB6","LED_Blue_470","LED_D5.0mm",69.300000,-107.215555,-90.000000,bottom
"DB7","LED_Blue_470","LED_D5.0mm",69.300000,-116.216666,-90.000000,bottom
"DB8","LED_Blue_470","LED_D5.0mm",69.300000,-125.217777,-90.000000,bottom
"DB9","LED_Blue_470","LED_D5.0mm",69.300000,-134.218888,-90.000000,bottom
"DB10","LED_Blue_470","LED_D5.0mm",69.300000,-143.220000,-90.000000,bottom
"DB11","LED_Blue_470","LED_D5.0mm",78.300000,-62.210000,-90.000000,bottom
"DB12","LED_Blue_470","LED_D5.0mm",78.300000,-71.211111,-90.000000,bottom
"DB13","LED_Blue_470","LED_D5.0mm",78.300000,-80.212222,-90.000000,bottom
"DB14","LED_Blue_470","LED_D5.0mm",78.300000,-89.213333,-90.000000,bottom
"DB15","LED_Blue_470","LED_D5.0mm",78.300000,-98.214444,-90.000000,bottom
"DB16","LED_Blue_470","LED_D5.0mm",78.300000,-107.215555,-90.000000,bottom
"DB17","LED_Blue_470","LED_D5.0mm",78.300000,-116.216666,-90.000000,bottom
"DB18","LED_Blue_470","LED_D5.0mm",78.300000,-125.217777,-90.000000,bottom
"DB19","LED_Blue_470","LED_D5.0mm",78.300000,-134.218888,-90.000000,bottom
"DB20","LED_Blue_470","LED_D5.0mm",78.300000,-143.220000,-90.000000,bottom
"DB21","LED_Blue_470","LED_D5.0mm",87.300000,-62.210000,-90.000000,bottom
"DB22","LED_Blue_470","LED_D5.0mm",87.300000,-71.211111,-90.000000,bottom
"DB23","LED_Blue_470","LED_D5.0mm",87.300000,-80.212222,-90.000000,bottom
"DB24","LED_Blue_470","LED_D5.0mm",87.300000,-89.213333,-90.000000,bottom
"DB25","LED_Blue_470","LED_D5.0mm",87.300000,-98.214444,-90.000000,bottom
"DB26","LED_Blue_470","LED_D5.0mm",87.300000,-107.215555,-90.000000,bottom
"DB27","LED_Blue_470","LED_D5.0mm",87.300000,-116.216666,-90.000000,bottom
"DB28","LED_Blue_470","LED_D5.0mm",87.300000,-125.217777,-90.000000,bottom
"DB29","LED_Blue_470","LED_D5.0mm",87.300000,-134.218888,-90.000000,bottom
"DB30","LED_Blue_470","LED_D5.0mm",87.300000,-143.220000,-90.000000,bottom
"DB31","LED_Blue_470","LED_D5.0mm",96.300000,-62.210000,-90.000000,bottom
"DB32","LED_Blue_470","LED_D5.0mm",96.300000,-71.211111,-90.000000,bottom
"DB33","LED_Blue_470","LED_D5.0mm",96.300000,-80.212222,-90.000000,bottom
"DB34","LED_Blue_470","LED_D5.0mm",96.300000,-89.213333,-90.000000,bottom
"DB35","LED_Blue_470","LED_D5.0mm",96.300000,-98.214444,-90.000000,bottom
"DB36","LED_Blue_470","LED_D5.0mm",96.300000,-107.215555,-90.000000,bottom
"DB37","LED_Blue_470","LED_D5.0mm",96.300000,-116.216666,-90.000000,bottom
"DB38","LED_Blue_470","LED_D5.0mm",96.300000,-125.217777,-90.000000,bottom
"DB39","LED_Blue_470","LED_D5.0mm",96.300000,-134.218888,-90.000000,bottom
"DB40","LED_Blue_470","LED_D5.0mm",96.300000,-143.220000,-90.000000,bottom
"DB41","LED_Blue_470","LED_D5.0mm",105.300000,-62.210000,-90.000000,bottom
"DB42","LED_Blue_470","LED_D5.0mm",105.300000,-71.211111,-90.000000,bottom
"DB43","LED_Blue_470","LED_D5.0mm",105.300000,-80.212222,-90.000000,bottom
"DB44","LED_Blue_470","LED_D5.0mm",105.300000,-89.213333,-90.000000,bottom
"DB45","LED_Blue_470","LED_D5.0mm",105.300000,-98.214444,-90.000000,bottom
"DB46","LED_Blue_470","LED_D5.0mm",105.300000,-107.215555,-90.000000,bottom
"DB47","LED_Blue_470","LED_D5.0mm",105.300000,-116.216666,-90.000000,bottom
"DB48","LED_Blue_470","LED_D5.0mm",105.300000,-125.217777,-90.000000,bottom
"DB49","LED_Blue_470","LED_D5.0mm",105.300000,-134.218888,-90.000000,bottom
"DB50","LED_Blue_470","LED_D5.0mm",105.300000,-143.220000,-90.000000,bottom
"DB51","LED_Blue_470","LED_D5.0mm",114.300000,-62.210000,-90.000000,bottom
"DB52","LED_Blue_470","LED_D5.0mm",114.300000,-71.211111,-90.000000,bottom
"DB53","LED_Blue_470","LED_D5.0mm",114.300000,-80.212222,-90.000000,bottom
"DB54","LED_Blue_470","LED_D5.0mm",114.300000,-89.213333,-90.000000,bottom
"DB55","LED_Blue_470","LED_D5.0mm",114.300000,-98.214444,-90.000000,bottom
"DB56","LED_Blue_470","LED_D5.0mm",114.300000,-107.215555,-90.000000,bottom
"DB57","LED_Blue_470","LED_D5.0mm",114.300000,-116.216666,-90.000000,bottom
"DB58","LED_Blue_470","LED_D5.0mm",114.300000,-125.217777,-90.000000,bottom
"DB59","LED_Blue_470","LED_D5.0mm",114.300000,-134.218888,-90.000000,bottom
"DB60","LED_Blue_470","LED_D5.0mm",114.300000,-143.220000,-90.000000,bottom
"DB61","LED_Blue_470","LED_D5.0mm",123.300000,-62.210000,-90.000000,bottom
"DB62","LED_Blue_470","LED_D5.0mm",123.300000,-71.211111,-90.000000,bottom
"DB63","LED_Blue_470","LED_D5.0mm",123.300000,-80.212222,-90.000000,bottom
"DB64","LED_Blue_470","LED_D5.0mm",123.300000,-89.213333,-90.000000,bottom
"DB65","LED_Blue_470","LED_D5.0mm",123.300000,-98.214444,-90.000000,bottom
"DB66","LED_Blue_470","LED_D5.0mm",123.300000,-107.215555,-90.000000,bottom
"DB67","LED_Blue_470","LED_D5.0mm",123.300000,-116.216666,-90.000000,bottom
"DB68","LED_Blue_470","LED_D5.0mm",123.300000,-125.217777,-90.000000,bottom
"DB69","LED_Blue_470","LED_D5.0mm",123.300000,-134.218888,-90.000000,bottom
"DB70","LED_Blue_470","LED_D5.0mm",123.300000,-143.220000,-90.000000,bottom
"DB71","LED_Blue_470","LED_D5.0mm",132.300000,-62.210000,-90.000000,bottom
"DB72","LED_Blue_470","LED_D5.0mm",132.300000,-71.211111,-90.000000,bottom
"DB73","LED_Blue_470","LED_D5.0mm",132.300000,-80.212222,-90.000000,bottom
"DB74","LED_Blue_470","LED_D5.0mm",132.300000,-89.213333,-90.000000,bottom
"DB75","LED_Blue_470","LED_D5.0mm",132.300000,-98.214444,-90.000000,bottom
"DB76","LED_Blue_470","LED_D5.0mm",132.300000,-107.215555,-90.000000,bottom
"DB77","LED_Blue_470","LED_D5.0mm",132.300000,-116.216666,-90.000000,bottom
"DB78","LED_Blue_470","LED_D5.0mm",132.300000,-125.217777,-90.000000,bottom
"DB79","LED_Blue_470","LED_D5.0mm",132.300000,-134.218888,-90.000000,bottom
"DB80","LED_Blue_470","LED_D5.0mm",132.300000,-143.220000,-90.000000,bottom
"DB81","LED_Blue_470","LED_D5.0mm",141.300000,-62.210000,-90.000000,bottom
"DB82","LED_Blue_470","LED_D5.0mm",141.300000,-71.211111,-90.000000,bottom
"DB83","LED_Blue_470","LED_D5.0mm",141.300000,-80.212222,-90.000000,bottom
"DB84","LED_Blue_470","LED_D5.0mm",141.300000,-89.213333,-90.000000,bottom
"DB85","LED_Blue_470","LED_D5.0mm",141.300000,-98.214444,-90.000000,bottom
"DB86","LED_Blue_470","LED_D5.0mm",141.300000,-107.215555,-90.000000,bottom
"DB87","LED_Blue_470","LED_D5.0mm",141.300000,-116.216666,-90.000000,bottom
"DB88","LED_Blue_470","LED_D5.0mm",141.300000,-125.217777,-90.000000,bottom
"DB89","LED_Blue_470","LED_D5.0mm",141.300000,-134.218888,-90.000000,bottom
"DB90","LED_Blue_470","LED_D5.0mm",141.300000,-143.220000,-90.000000,bottom
"DB91","LED_Blue_470","LED_D5.0mm",150.300000,-62.210000,-90.000000,bottom
"DB92","LED_Blue_470","LED_D5.0mm",150.300000,-71.211111,-90.000000,bottom
"DB93","LED_Blue_470","LED_D5.0mm",150.300000,-80.212222,-90.000000,bottom
"DB94","LED_Blue_470","LED_D5.0mm",150.300000,-89.213333,-90.000000,bottom
"DB95","LED_Blue_470","LED_D5.0mm",150.300000,-98.214444,-90.000000,bottom
"DB96","LED_Blue_470","LED_D5.0mm",150.300000,-107.215555,-90.000000,bottom
"DB97","LED_Blue_470","LED_D5.0mm",150.300000,-116.216666,-90.000000,bottom
"DB98","LED_Blue_470","LED_D5.0mm",150.300000,-125.217777,-90.000000,bottom
"DB99","LED_Blue_470","LED_D5.0mm",150.300000,-134.218888,-90.000000,bottom
"DB100","LED_Blue_470","LED_D5.0mm",150.300000,-143.220000,-90.000000,bottom
"DB101","LED_Blue_470","LED_D5.0mm",159.300000,-62.210000,-90.000000,bottom
"DB102","LED_Blue_470","LED_D5.0mm",159.300000,-71.211111,-90.000000,bottom
"DB103","LED_Blue_470","LED_D5.0mm",159.300000,-80.212222,-90.000000,bottom
"DB104","LED_Blue_470","LED_D5.0mm",159.300000,-89.213333,-90.000000,bottom
"DB105","LED_Blue_470","LED_D5.0mm",159.300000,-98.214444,-90.000000,bottom
"DB106","LED_Blue_470","LED_D5.0mm",159.300000,-107.215555,-90.000000,bottom
"DB107","LED_Blue_470","LED_D5.0mm",159.300000,-116.216666,-90.000000,bottom
"DB108","LED_Blue_470","LED_D5.0mm",159.300000,-125.217777,-90.000000,bottom
"DB109","LED_Blue_470","LED_D5.0mm",159.300000,-134.218888,-90.000000,bottom
"DB110","LED_Blue_470","LED_D5.0mm",159.300000,-143.220000,-90.000000,bottom
"DB111","LED_Blue_470","LED_D5.0mm",168.300000,-62.210000,-90.000000,bottom
"DB112","LED_Blue_470","LED_D5.0mm",168.300000,-71.211111,-90.000000,bottom
"DB113","LED_Blue_470","LED_D5.0mm",168.300000,-80.212222,-90.000000,bottom
"DB114","LED_Blue_470","LED_D5.0mm",168.300000,-89.213333,-90.000000,bottom
"DB115","LED_Blue_470","LED_D5.0mm",168.300000,-98.214444,-90.000000,bottom
"DB116","LED_Blue_470","LED_D5.0mm",168.300000,-107.215555,-90.000000,bottom
"DB117","LED_Blue_470","LED_D5.0mm",168.300000,-116.216666,-90.000000,bottom
"DB118","LED_Blue_470","LED_D5.0mm",168.300000,-125.217777,-90.000000,bottom
"DB119","LED_Blue_470","LED_D5.0mm",168.300000,-134.218888,-90.000000,bottom
"DB120","LED_Blue_470","LED_D5.0mm",168.300000,-143.220000,-90.000000,bottom
"DB121","LED_Blue_470","LED_D5.0mm",177.300000,-62.210000,-90.000000,bottom
"DB122","LED_Blue_470","LED_D5.0mm",177.300000,-71.211111,-90.000000,bottom
"DB123","LED_Blue_470","LED_D5.0mm",177.300000,-80.212222,-90.000000,bottom
"DB124","LED_Blue_470","LED_D5.0mm",177.300000,-89.213333,-90.000000,bottom
"DB125","LED_Blue_470","LED_D5.0mm",177.300000,-98.214444,-90.000000,bottom
"DB126","LED_Blue_470","LED_D5.0mm",177.300000,-107.215555,-90.000000,bottom
"DB127","LED_Blue_470","LED_D5.0mm",177.300000,-116.216666,-90.000000,bottom
"DB128","LED_Blue_470","LED_D5.0mm",177.300000,-125.217777,-90.000000,bottom
"DB129","LED_Blue_470","LED_D5.0mm",177.300000,-134.218888,-90.000000,bottom
"DB130","LED_Blue_470","LED_D5.0mm",177.300000,-143.220000,-90.000000,bottom
"DB131","LED_Blue_470","LED_D5.0mm",186.300000,-62.210000,-90.000000,bottom
"DB132","LED_Blue_470","LED_D5.0mm",186.300000,-71.211111,-90.000000,bottom
"DB133","LED_Blue_470","LED_D5.0mm",186.300000,-80.212222,-90.000000,bottom
"DB134","LED_Blue_470","LED_D5.0mm",186.300000,-89.213333,-90.000000,bottom
"DB135","LED_Blue_470","LED_D5.0mm",186.300000,-98.214444,-90.000000,bottom
"DB136","LED_Blue_470","LED_D5.0mm",186.300000,-107.215555,-90.000000,bottom
"DB137","LED_Blue_470","LED_D5.0mm",186.300000,-116.216666,-90.000000,bottom
"DB138","LED_Blue_470","LED_D5.0mm",186.300000,-125.217777,-90.000000,bottom
"DB139","LED_Blue_470","LED_D5.0mm",186.300000,-134.218888,-90.000000,bottom
"DB140","LED_Blue_470","LED_D5.0mm",186.300000,-143.220000,-90.000000,bottom
"DIR1","LED_IR_850","LED_D5.0mm",237.825000,-72.225000,-90.000000,bottom
"DIR2","LED_IR_850","LED_D5.0mm",237.825000,-102.700000,-90.000000,bottom
"DIR3","LED_IR_850","LED_D5.0mm",237.800000,-133.175000,-90.000000,bottom
"DIR4","LED_IR_850","LED_D5.0mm",72.840000,-194.200000,180.000000,bottom
"DIR5","LED_IR_850","LED_D5.0mm",100.830000,-194.200000,180.000000,bottom
"DIR6","LED_IR_850","LED_D5.0mm",128.820000,-194.200000,180.000000,bottom
"DIR7","LED_IR_850","LED_D5.0mm",156.810000,-194.200000,180.000000,bottom
"DIR8","LED_IR_850","LED_D5.0mm",184.800000,-194.200000,180.000000,bottom
"DIR9","LED_IR_850","LED_D5.0mm",17.800000,-135.725000,90.000000,bottom
"DIR10","LED_IR_850","LED_D5.0mm",17.800000,-105.257500,90.000000,bottom
"DIR11","LED_IR_850","LED_D5.0mm",17.750000,-74.790000,90.000000,bottom
"DIR12","LED_IR_850","LED_D5.0mm",182.260000,-18.200000,0.000000,bottom
"DIR13","LED_IR_850","LED_D5.0mm",154.266250,-18.200000,0.000000,bottom
"DIR14","LED_IR_850","LED_D5.0mm",126.272500,-18.200000,0.000000,bottom
"DIR15","LED_IR_850","LED_D5.0mm",98.278750,-18.200000,0.000000,bottom
"DIR16","LED_IR_850","LED_D5.0mm",70.285000,-18.200000,0.000000,bottom
"DO1","LED_Opto_590","LED_D5.0mm",73.800000,-66.650000,-90.000000,bottom
"DO2","LED_Opto_590","LED_D5.0mm",73.800000,-75.651250,-90.000000,bottom
"DO3","LED_Opto_590","LED_D5.0mm",73.800000,-84.652500,-90.000000,bottom
"DO4","LED_Opto_590","LED_D5.0mm",73.800000,-93.653750,-90.000000,bottom
"DO5","LED_Opto_590","LED_D5.0mm",73.800000,-102.655000,-90.000000,bottom
"DO6","LED_Opto_590","LED_D5.0mm",73.800000,-111.656250,-90.000000,bottom
"DO7","LED_Opto_590","LED_D5.0mm",73.800000,-120.657500,-90.000000,bottom
"DO8","LED_Opto_590","LED_D5.0mm",73.800000,-129.658750,-90.000000,bottom
"DO9","LED_Opto_590","LED_D5.0mm",73.800000,-138.660000,-90.000000,bottom
"DO10","LED_Opto_590","LED_D5.0mm",82.800000,-66.650000,-90.000000,bottom
"DO11","LED_Opto_590","LED_D5.0mm",82.800000,-75.651250,-90.000000,bottom
"DO12","LED_Opto_590","LED_D5.0mm",82.800000,-84.652500,-90.000000,bottom
"DO13","LED_Opto_590","LED_D5.0mm",82.800000,-93.653750,-90.000000,bottom
"DO14","LED_Opto_590","LED_D5.0mm",82.800000,-102.655000,-90.000000,bottom
"DO15","LED_Opto_590","LED_D5.0mm",82.800000,-111.656250,-90.000000,bottom
"DO16","LED_Opto_590","LED_D5.0mm",82.800000,-120.657500,-90.000000,bottom
"DO17","LED_Opto_590","LED_D5.0mm",82.800000,-129.658750,-90.000000,bottom
"DO18","LED_Opto_590","LED_D5.0mm",82.800000,-138.660000,-90.000000,bottom
"DO19","LED_Opto_590","LED_D5.0mm",91.800000,-66.650000,-90.000000,bottom
"DO20","LED_Opto_590","LED_D5.0mm",91.800000,-75.651250,-90.000000,bottom
"DO21","LED_Opto_590","LED_D5.0mm",91.800000,-84.652500,-90.000000,bottom
"DO22","LED_Opto_590","LED_D5.0mm",91.800000,-93.653750,-90.000000,bottom
"DO23","LED_Opto_590","LED_D5.0mm",91.800000,-102.655000,-90.000000,bottom
"DO24","LED_Opto_590","LED_D5.0mm",91.800000,-111.656250,-90.000000,bottom
"DO25","LED_Opto_590","LED_D5.0mm",91.800000,-120.657500,-90.000000,bottom
"DO26","LED_Opto_590","LED_D5.0mm",91.800000,-129.658750,-90.000000,bottom
"DO27","LED_Opto_590","LED_D5.0mm",91.800000,-138.660000,-90.000000,bottom
"DO28","LED_Opto_590","LED_D5.0mm",100.800000,-66.650000,-90.000000,bottom
"DO29","LED_Opto_590","LED_D5.0mm",100.800000,-75.651250,-90.000000,bottom
"DO30","LED_Opto_590","LED_D5.0mm",100.800000,-84.652500,-90.000000,bottom
"DO31","LED_Opto_590","LED_D5.0mm",100.800000,-93.653750,-90.000000,bottom
"DO32","LED_Opto_590","LED_D5.0mm",100.800000,-102.655000,-90.000000,bottom
"DO33","LED_Opto_590","LED_D5.0mm",100.800000,-111.656250,-90.000000,bottom
"DO34","LED_Opto_590","LED_D5.0mm",100.800000,-120.657500,-90.000000,bottom
"DO35","LED_Opto_590","LED_D5.0mm",100.800000,-129.658750,-90.000000,bottom
"DO36","LED_Opto_590","LED_D5.0mm",100.800000,-138.660000,-90.000000,bottom
"DO37","LED_Opto_590","LED_D5.0mm",109.800000,-66.650000,-90.000000,bottom
"DO38","LED_Opto_590","LED_D5.0mm",109.800000,-75.651250,-90.000000,bottom
"DO39","LED_Opto_590","LED_D5.0mm",109.800000,-84.652500,-90.000000,bottom
"DO40","LED_Opto_590","LED_D5.0mm",109.800000,-93.653750,-90.000000,bottom
"DO41","LED_Opto_590","LED_D5.0mm",109.800000,-102.655000,-90.000000,bottom
"DO42","LED_Opto_590","LED_D5.0mm",109.800000,-111.656250,-90.000000,bottom
"DO43","LED_Opto_590","LED_D5.0mm",109.800000,-120.657500,-90.000000,bottom
"DO44","LED_Opto_590","LED_D5.0mm",109.800000,-129.658750,-90.000000,bottom
"DO45","LED_Opto_590","LED_D5.0mm",109.800000,-138.660000,-90.000000,bottom
"DO46","LED_Opto_590","LED_D5.0mm",118.800000,-66.650000,-90.000000,bottom
"DO47","LED_Opto_590","LED_D5.0mm",118.800000,-75.651250,-90.000000,bottom
"DO48","LED_Opto_590","LED_D5.0mm",118.800000,-84.652500,-90.000000,bottom
"DO49","LED_Opto_590","LED_D5.0mm",118.800000,-93.653750,-90.000000,bottom
"DO50","LED_Opto_590","LED_D5.0mm",118.800000,-102.655000,-90.000000,bottom
"DO51","LED_Opto_590","LED_D5.0mm",118.800000,-111.656250,-90.000000,bottom
"DO52","LED_Opto_590","LED_D5.0mm",118.800000,-120.657500,-90.000000,bottom
"DO53","LED_Opto_590","LED_D5.0mm",118.800000,-129.658750,-90.000000,bottom
"DO54","LED_Opto_590","LED_D5.0mm",118.800000,-138.660000,-90.000000,bottom
"DO55","LED_Opto_590","LED_D5.0mm",127.800000,-66.650000,-90.000000,bottom
"DO56","LED_Opto_590","LED_D5.0mm",127.800000,-75.651250,-90.000000,bottom
"DO57","LED_Opto_590","LED_D5.0mm",127.800000,-84.652500,-90.000000,bottom
"DO58","LED_Opto_590","LED_D5.0mm",127.800000,-93.653750,-90.000000,bottom
"DO59","LED_Opto_590","LED_D5.0mm",127.800000,-102.655000,-90.000000,bottom
"DO60","LED_Opto_590","LED_D5.0mm",127.800000,-111.656250,-90.000000,bottom
"DO61","LED_Opto_590","LED_D5.0mm",127.800000,-120.657500,-90.000000,bottom
"DO62","LED_Opto_590","LED_D5.0mm",127.800000,-129.658750,-90.000000,bottom
"DO63","LED_Opto_590","LED_D5.0mm",127.800000,-138.660000,-90.000000,bottom
"DO64","LED_Opto_590","LED_D5.0mm",136.800000,-66.650000,-90.000000,bottom
"DO65","LED_Opto_590","LED_D5.0mm",136.800000,-75.651250,-90.000000,bottom
"DO66","LED_Opto_590","LED_D5.0mm",136.800000,-84.652500,-90.000000,bottom
"DO67","LED_Opto_590","LED_D5.0mm",136.800000,-93.653750,-90.000000,bottom
"DO68","LED_Opto_590","LED_D5.0mm",136.800000,-102.655000,-90.000000,bottom
"DO69","LED_Opto_590","LED_D5.0mm",136.800000,-111.656250,-90.000000,bottom
"DO70","LED_Opto_590","LED_D5.0mm",136.800000,-120.657500,-90.000000,bottom
"DO71","LED_Opto_590","LED_D5.0mm",136.800000,-129.658750,-90.000000,bottom
"DO72","LED_Opto_590","LED_D5.0mm",136.800000,-138.660000,-90.000000,bottom
"DO73","LED_Opto_590","LED_D5.0mm",145.800000,-66.650000,-90.000000,bottom
"DO74","LED_Opto_590","LED_D5.0mm",145.800000,-75.651250,-90.000000,bottom
"DO75","LED_Opto_590","LED_D5.0mm",145.800000,-84.652500,-90.000000,bottom
"DO76","LED_Opto_590","LED_D5.0mm",145.800000,-93.653750,-90.000000,bottom
"DO77","LED_Opto_590","LED_D5.0mm",145.800000,-102.655000,-90.000000,bottom
"DO78","LED_Opto_590","LED_D5.0mm",145.800000,-111.656250,-90.000000,bottom
"DO79","LED_Opto_590","LED_D5.0mm",145.800000,-120.657500,-90.000000,bottom
"DO80","LED_Opto_590","LED_D5.0mm",145.800000,-129.658750,-90.000000,bottom
"DO81","LED_Opto_590","LED_D5.0mm",145.800000,-138.660000,-90.000000,bottom
"DO82","LED_Opto_590","LED_D5.0mm",154.800000,-66.650000,-90.000000,bottom
"DO83","LED_Opto_590","LED_D5.0mm",154.800000,-75.651250,-90.000000,bottom
"DO84","LED_Opto_590","LED_D5.0mm",154.800000,-84.652500,-90.000000,bottom
"DO85","LED_Opto_590","LED_D5.0mm",154.800000,-93.653750,-90.000000,bottom
"DO86","LED_Opto_590","LED_D5.0mm",154.800000,-102.655000,-90.000000,bottom
"DO87","LED_Opto_590","LED_D5.0mm",154.800000,-111.656250,-90.000000,bottom
"DO88","LED_Opto_590","LED_D5.0mm",154.800000,-120.657500,-90.000000,bottom
"DO89","LED_Opto_590","LED_D5.0mm",154.800000,-129.658750,-90.000000,bottom
"DO90","LED_Opto_590","LED_D5.0mm",154.800000,-138.660000,-90.000000,bottom
"DO91","LED_Opto_590","LED_D5.0mm",163.800000,-66.650000,-90.000000,bottom
"DO92","LED_Opto_590","LED_D5.0mm",163.800000,-75.651250,-90.000000,bottom
"DO93","LED_Opto_590","LED_D5.0mm",163.800000,-84.652500,-90.000000,bottom
"DO94","LED_Opto_590","LED_D5.0mm",163.800000,-93.653750,-90.000000,bottom
"DO95","LED_Opto_590","LED_D5.0mm",163.800000,-102.655000,-90.000000,bottom
"DO96","LED_Opto_590","LED_D5.0mm",163.800000,-111.656250,-90.000000,bottom
"DO97","LED_Opto_590","LED_D5.0mm",163.800000,-120.657500,-90.000000,bottom
"DO98","LED_Opto_590","LED_D5.0mm",163.800000,-129.658750,-90.000000,bottom
"DO99","LED_Opto_590","LED_D5.0mm",163.800000,-138.660000,-90.000000,bottom
"DO100","LED_Opto_590","LED_D5.0mm",172.800000,-66.650000,-90.000000,bottom
"DO101","LED_Opto_590","LED_D5.0mm",172.800000,-75.651250,-90.000000,bottom
"DO102","LED_Opto_590","LED_D5.0mm",172.800000,-84.652500,-90.000000,bottom
"DO103","LED_Opto_590","LED_D5.0mm",172.800000,-93.653750,-90.000000,bottom
"DO104","LED_Opto_590","LED_D5.0mm",172.800000,-102.655000,-90.000000,bottom
"DO105","LED_Opto_590","LED_D5.0mm",172.800000,-111.656250,-90.000000,bottom
"DO106","LED_Opto_590","LED_D5.0mm",172.800000,-120.657500,-90.000000,bottom
"DO107","LED_Opto_590","LED_D5.0mm",172.800000,-129.658750,-90.000000,bottom
"DO108","LED_Opto_590","LED_D5.0mm",172.800000,-138.660000,-90.000000,bottom
"DO109","LED_Opto_590","LED_D5.0mm",181.800000,-66.650000,-90.000000,bottom
"DO110","LED_Opto_590","LED_D5.0mm",181.800000,-75.651250,-90.000000,bottom
"DO111","LED_Opto_590","LED_D5.0mm",181.800000,-84.652500,-90.000000,bottom
"DO112","LED_Opto_590","LED_D5.0mm",181.800000,-93.653750,-90.000000,bottom
"DO113","LED_Opto_590","LED_D5.0mm",181.800000,-102.655000,-90.000000,bottom
"DO114","LED_Opto_590","LED_D5.0mm",181.800000,-111.656250,-90.000000,bottom
"DO115","LED_Opto_590","LED_D5.0mm",181.800000,-120.657500,-90.000000,bottom
"DO116","LED_Opto_590","LED_D5.0mm",181.800000,-129.658750,-90.000000,bottom
"DO117","LED_Opto_590","LED_D5.0mm",181.750000,-138.660000,-90.000000,bottom
"Q1","NPN","SOT-23",77.150000,-167.462500,90.000000,bottom
"Q2","NPN","SOT-23",80.800000,-167.450000,-90.000000,bottom
"R1","0R","R_1206_3216Metric_Pad1.30x1.75mm_HandSolder",70.461000,-181.250000,-90.000000,bottom
"R13","1.3k","R_0603_1608Metric_Pad0.98x0.95mm_HandSolder",87.350000,-160.000000,-90.000000,bottom
"R15","4.7kR","R_0805_2012Metric_Pad1.20x1.40mm_HandSolder",86.350000,-156.150000,180.000000,bottom
"R19","10k","R_0805_2012Metric_Pad1.20x1.40mm_HandSolder",77.650000,-161.850000,0.000000,bottom
"R21","10k","R_0805_2012Metric_Pad1.20x1.40mm_HandSolder",77.650000,-163.750000,0.000000,bottom
"R23","0R","R_1206_3216Metric_Pad1.30x1.75mm_HandSolder",68.200000,-164.750000,-90.000000,bottom
"TVS1","PGB1010603","D_0603_1608Metric_Pad1.05x0.95mm_HandSolder",69.610000,-171.550000,90.000000,bottom
"TVS2","PGB1010603","D_0603_1608Metric_Pad1.05x0.95mm_HandSolder",71.610000,-171.550000,90.000000,bottom
"U1","FT232H","LQFP-48_7x7mm_P0.5mm",89.783500,-174.000000,0.000000,bottom
"C1","0.1uF","C_0201_0603Metric_Pad0.64x0.40mm_HandSolder",94.849500,-174.635000,0.000000,top
"C2","0.1uF","C_0201_0603Metric_Pad0.64x0.40mm_HandSolder",94.849500,-176.286000,0.000000,top
"C3","16pF","C_0402_1005Metric_Pad0.74x0.62mm_HandSolder",87.561000,-179.065999,-90.000000,top
"C4","16pF","C_0402_1005Metric_Pad0.74x0.62mm_HandSolder",84.971501,-176.540000,180.000000,top
"C11","4.7uF","C_0603_1608Metric_Pad1.08x0.95mm_HandSolder",93.695000,-178.000500,0.000000,top
"C12","0.1uF","C_0201_0603Metric_Pad0.64x0.40mm_HandSolder",93.706500,-179.588000,0.000000,top
"C17","10nF","C_0603_1608Metric_Pad1.08x0.95mm_HandSolder",76.411500,-180.716500,-90.000000,top
"C19","1uF","C_0603_1608Metric_Pad1.08x0.95mm_HandSolder",101.700000,-158.000000,90.000000,top
"C20","1uF","C_0603_1608Metric_Pad1.08x0.95mm_HandSolder",86.437500,-157.700000,180.000000,top
"C21","1uF","C_0603_1608Metric_Pad1.08x0.95mm_HandSolder",75.537500,-158.900000,180.000000,top
"C22","1nF","C_0402_1005Metric_Pad0.74x0.62mm_HandSolder",81.450000,-158.900000,0.000000,top
"C23","1nF","C_0402_1005Metric_Pad0.74x0.62mm_HandSolder",94.550000,-159.250000,0.000000,top
"C24","1nF","C_0402_1005Metric_Pad0.74x0.62mm_HandSolder",101.400000,-163.600000,-90.000000,top
"C26","1uF","C_0603_1608Metric_Pad1.08x0.95mm_HandSolder",103.000000,-165.600000,-90.000000,top
"C27","1uF","C_0603_1608Metric_Pad1.08x0.95mm_HandSolder",83.900000,-158.350000,-90.000000,top
"C28","1uF","C_0603_1608Metric_Pad1.08x0.95mm_HandSolder",96.150000,-157.650000,0.000000,top
"C30","1000uF","CP_Radial_D8.0mm_P3.50mm",120.550000,-152.600000,180.000000,top
"C31","1uF","C_0603_1608Metric_Pad1.08x0.95mm_HandSolder",78.100000,-149.550000,90.000000,top
"C32","1uF","C_0603_1608Metric_Pad1.08x0.95mm_HandSolder",91.050000,-149.700000,90.000000,top
"C33","1uF","C_0603_1608Metric_Pad1.08x0.95mm_HandSolder",110.000000,-161.500000,-90.000000,top
"D1","YELLOW","LED_0603_1608Metric_Pad1.05x0.95mm_HandSolder",101.400000,-167.075000,90.000000,top
"D2","YELLOW","LED_0603_1608Metric_Pad1.05x0.95mm_HandSolder",86.350000,-156.150000,180.000000,top
"D3","YELLOW","LED_0603_1608Metric_Pad1.05x0.95mm_HandSolder",73.000000,-156.400000,0.000000,top
"D4","GREEN","LED_0603_1608Metric_Pad1.05x0.95mm_HandSolder",83.850000,-166.850000,90.000000,top
"D5","RED","LED_0805_2012Metric_Pad1.15x1.40mm_HandSolder",58.050000,-150.450000,90.000000,top
"D6","GREEN","LED_0603_1608Metric_Pad1.05x0.95mm_HandSolder",86.200000,-166.850000,90.000000,top
"D7","BLUE","LED_1206_3216Metric_Pad1.42x1.75mm_HandSolder",99.250000,-173.350000,90.000000,top
"F1","0ZCK0010FF2G","Fuse_0805_2012Metric_Pad1.15x1.40mm_HandSolder",77.500000,-178.000000,180.000000,top
"J1","USB_B","USB_B_OST_USB-B1HSxx_Horizontal",71.610000,-177.070000,180.000000,top
"J2","Conn_01x08","PinHeader_1x08_P2.54mm_Vertical",81.040000,-163.050000,90.000000,top
"J3","Conn_01x10","PinHeader_1x10_P2.54mm_Vertical",122.730000,-163.050000,90.000000,top
"J4","POWER","PinHeader_2x02_P2.54mm_Vertical",76.775000,-186.925000,0.000000,top
"J5","Molex Micro-Fit","Molex_Micro-Fit_3.0_43045-0421_2x02-1MP_P3.00mm_Horizontal",65.535000,-160.800000,90.000000,top
"L1","600R@0.5A","L_Murata_LQH2MCNxxxx02_2.0x1.6mm",78.400000,-180.716499,90.000000,top
"L2","600R@0.5A","L_Murata_LQH2MCNxxxx02_2.0x1.6mm",89.134499,-175.333500,180.000000,top
"L3","600R@0.5A","L_Murata_LQH2MCNxxxx02_2.0x1.6mm",89.162500,-172.539500,180.000000,top
"PWR1","RED","LED_0805_2012Metric_Pad1.15x1.40mm_HandSolder",61.150000,-187.300000,90.000000,top
"R2","10k","R_0805_2012Metric_Pad1.20x1.40mm_HandSolder",92.133000,-173.571500,90.000000,top
"R3","0R","R_1206_3216Metric_Pad1.30x1.75mm_HandSolder",77.200000,-175.200000,180.000000,top
"R4","0R","R_1206_3216Metric_Pad1.30x1.75mm_HandSolder",77.200000,-172.800000,180.000000,top
"R5","12K@1%","R_0603_1608Metric_Pad0.98x0.95mm_HandSolder",84.783000,-174.762000,0.000000,top
"R6","2k","R_0805_2012Metric_Pad1.20x1.40mm_HandSolder",95.625500,-184.239500,90.000000,top
"R7","600R","R_0805_2012Metric_Pad1.20x1.40mm_HandSolder",58.900000,-187.300000,-90.000000,top
"R8","10k","R_0805_2012Metric_Pad1.20x1.40mm_HandSolder",87.497500,-185.922000,-90.000000,top
"R9","10k","R_0805_2012Metric_Pad1.20x1.40mm_HandSolder",91.387000,-187.144500,180.000000,top
"R10","10k","R_0805_2012Metric_Pad1.20x1.40mm_HandSolder",90.593000,-181.366000,0.000000,top
"R11","4.7kR","R_0805_2012Metric_Pad1.20x1.40mm_HandSolder",100.000000,-157.600000,-90.000000,top
"R12","1.3k","R_0603_1608Metric_Pad0.98x0.95mm_HandSolder",97.800000,-166.900000,90.000000,top
"R14","1.3k","R_0603_1608Metric_Pad0.98x0.95mm_HandSolder",72.400000,-159.350000,-90.000000,top
"R16","4.7kR","R_0805_2012Metric_Pad1.20x1.40mm_HandSolder",75.400000,-160.750000,0.000000,top
"R17","480R","R_0805_2012Metric_Pad1.20x1.40mm_HandSolder",77.600000,-166.150000,0.000000,top
"R18","600R","R_0805_2012Metric_Pad1.20x1.40mm_HandSolder",60.350000,-150.400000,90.000000,top
"R20","480R","R_0805_2012Metric_Pad1.20x1.40mm_HandSolder",77.600000,-168.350000,0.000000,top
"R22","100","R_0603_1608Metric_Pad0.98x0.95mm_HandSolder",101.550000,-173.350000,90.000000,top
"SW1","RESET","SW_Push_2P2T_Toggle_CK_PVA2xxH3xxxxxxV2",107.500000,-179.150000,-90.000000,top
"U2","93LCxxBxxOT","SOT-23-6_Handsoldering",91.037000,-184.289500,180.000000,top
"U3","LP5860T","QFN-40-1EP_5x5mm_P0.4mm_EP3.6x3.6mm_ThermalVias",105.750000,-160.733333,90.000000,top
"U4","LP5860T","QFN-40-1EP_5x5mm_P0.4mm_EP3.6x3.6mm_ThermalVias",91.266667,-155.000000,180.000000,top
"U5","LP5860T","QFN-40-1EP_5x5mm_P0.4mm_EP3.6x3.6mm_ThermalVias",78.420833,-155.012500,180.000000,top
"Y1","12MHz@12ppm","Crystal_SMD_3225-4Pin_3.2x2.5mm_HandSoldering",83.620978,-180.346978,-45.000000,top
